title,description,category
Carcassonne Big Box 6 edycja polska,"W pudełku znajdziesz podstawową wersję rewelacyjnej gry Carcassonne, dwa duże dodatki oraz dziewięć mini dodatków, z czego siedem dostępnych wyłącznie w tym pakiecie!",Familijne
Magiczny labirynt (w metalowej puszce),Gra dla całej rodziny o odpowiednim umieszczaniu kości!,Familijne
Jeszcze raz! (Noch Mal!),Genialna gra kościana dla całej rodziny!,Familijne
Pędzące żółwie,"Prędzej, prędzej, kto pierwszy!!",Familijne
Czego chcesz? (Gönnen Können),Fascynująca gra kościana dla całej rodziny!,Familijne
Cardline: Dinozaury,"Gra ""Cardline: Dinozaury"" jest podobna do ""Cardline: Zwierzęta"", ale jest o dinozaurach! Karty przedstawiają te prehistoryczne gady, ale także inne zwierzęta",Familijne
Brikks,Genialna gra kościana dla całej rodziny!,Familijne
EuroBusiness (Eurobiznes),Legenda wśród gier opartych na klasycznym Monopoly,Familijne
Azul: Letni pawilon,Kto najlepiej wywiąże się z zadania powierzonego przez Króla?,Familijne
Owocowy zawrót głowy,Kwadratowa truskawka? Czemu nie! Witaminy dla waszego mózgu!,Familijne
Kotobirynt,"Ciemną nocą grupa małych kotków (i całkiem sporych kotów) zgubiła się w plątaninie dachów i uliczek nocnego miasta. Takie małe, puchate kotki... czasami",Familijne
Century: Nowy Świat,"Nowy świat to trzecia gra z popularnej serii Century, która spina całość w unikatową trylogię",Familijne
Patchwork Doodle (Turlaj i Rysuj),"W grze Patchwork Doodle jej autor, Uwe Rosenberg, zaprasza nas do zupełnie nowej zabawy, bazującej na podstawowej grze Patchwork. Tym razem nie będziemy układać żetonów na planszy. Będziemy je rysować!",Familijne
Fruit Salad,"W grze Fruit Salad gracze wspólnie tworzą sałatkę owocową - czyli starają się pozbyć z ręki kart prezentująych owoce, jednocześnie chcąc jak najszyb",Familijne
Rummikub,Gra dla całej rodziny,Familijne
Termity, Termity (Isoptera) – rząd owadów społecznych z podgromady uskrzydlonych. Na pierwszy rzut oka na spalon,Familijne
Kolejowy Szlak. Płomienna czerwień,"W Kolejowym Szlaku gracze rzucają kośćmi, a następnie rysują trasy na swoich planszach. Pod koniec gry zdobywają punkty za swoje najdłuższe trasy oraz za stworzenie sieci połączeń. Muszą jednak uważać, bo za niezamknięte trasy mogą stracić punkty.",Familijne
Grajeczka,"Bądź pierwszym, który ukończy swoją opowieść!",Familijne
7 Cudów Świata: Pojedynek,"Poprowadź swoją cywilizację ku świetności, dbając o jej rozwój militarny i naukowy oraz konstruując niezwykłe Budowle i Cuda. 7 Cudów Świata: Pojedyn",Familijne
GOBBLETY,Kółko i krzyżyk do kwadratu!,Familijne
Zapraszamy ponownie do podziemi,"Wiedzieliśmy, że wrócisz!",Familijne
Dixit Odyseja,Odyseja wyobraźni po raz drugi,Familijne
Lutecja,Lutecja to szybka do wytłumaczenia gra z elementami licytacji i blefu.,Familijne
Aqua Brunch (edycja polska),Zbliża się pora posiłku!,Familijne
Hack Trick,"W Hack Trick dwóch hakerów rywalizuje o to, który z nich pierwszy złamie zabezpieczenia serwera, przez wprowadzenie trzycyfrowego hasła przed przeciwnikiem.",Familijne
Azul (edycja polska),"W grze Azul wcielisz się w artystę, układającego przepiękne mozaiki z Azulejos na ścianach pałacu królewskiego w Évorze.",Familijne
Zaginione Dziedzictwo 4: Kronika II - Gwiezdne Ostrze,"Zaginione Dziedzictwo to gra ryzyka, dedukcji i szczęścia. ",Familijne
Sherlook,Wykaż się swoja niezwykłą zdolnością obserwacji,Familijne
Patchwork (edycja polska),"Patchwork to metoda szycia, w której łączy się małe kawałki materiału w większą całość, tworząc nowy wzór. ",Familijne
Duuuszki za pięć 12:00,„Duuuszki za pięć 12:00” to najnowsza wersja imprezowego hitu. ,Familijne
Wiewióry,"Wiewióry wydają się być zwodniczo nieskomplikowaną grą. Między Twoją Wiewiórą, a orzeszkiem znajdują się tylko trzy kafelki, a jedyne co Ty musisz zrobić, to po kolei powiedzieć, co znajduje się na ich odwrocie.  Najpierw oczywiście strzelasz, powiedzmy ""Liść!"" - odwracasz i udało się! Faktycznie był tam liść. Zostawiasz kafelek obrócony z liściem do góry.",Familijne
Reef (edycja polska),"Abstrakcyjna gra logiczna, w której zadaniem graczy jest stworzenie najpiękniejszej rafy koralowej",Familijne
8bitBox,"Stworzona przez IELLO gra 8Bit Box, przenosi świat najlepszych gier wideo wprost na twój stół. ",Familijne
Klub Detektywów,"Poznaj niesamowitą grę imprezową, która z miejsca stała się światowym hitem!",Familijne
Katamino Gra rodzinna,Katamino Gra rodzinna jest dynamiczną układanką i zmuszająca do myślenia zagadką. Rozwija zmysł obserwacji i zdolność logicznego myślenia.,Familijne
Flick ‘em Up! - Dzika Strzelanka,Zręcznościowa gra na Dzikim Zachodzie.,Familijne
Głębia,Wspólnie wykonajcie wszystkie zadania,Familijne
Small World (edycja polska),"Small World to gra, w której gracze prowadzą swoje nacje w świecie, który jest po prostu za mały, aby pomieścić je wszystkie...",Familijne
Sen,Stwórz własny sen!,Familijne
Projekt: miasteczko,Gratka dla miłośników SimCity,Familijne
Blisko znaku! (w metalowej puszce),Ekscytująca gra kościana!,Familijne
Pingwiny z Madagaskaru,"Oficer X jest już bliski zdemaskowania naszej kryjówki! By przygotować się na to starcie, rozegramy tu zaraz planszową symulację. Każdy z Was otrzyma zad",Familijne
Story Cubes,"9 kości, 54 obrazy, nieskończona ilość opowieści",Familijne
Zamek,Światowy bestseller!,Familijne
Świat Dysku: Sekary,"Sekary zostały wynalezione przez Roberta Dearhearta, jako pierwszy system tele-komunikacji. Wykorzystując złożoną technologię semaforową, operatorzy Sekarów",Familijne
Carcassonne (edycja 2016),Najnowsze wydanie z zawierające dodatki Opat oraz Rzeka!,Familijne
Kotostrofa,"Szybka karcianka pełna kotów, kociaków i myszy!",Familijne
Timeline: Wynalazki,Co wynaleziono najpierw: żarówkę czy okulary? Co powstało wcześniej: Empire State Building czy pierwsze wydanie Władcy Pierścieni J.R.R Tolkiena? Alfabet Mor,Familijne
Story Cubes: Science Fiction,"9 kości, 54 obrazy, nieskończona ilość opowieści",Familijne
Łowcy Skarbów,"Tylko najodważniejsi poszukiwacze skarbów zapuszczają się w mroczną otchłań Jaskini Lawy, przedzierają się przez chaszcze Splątanej Dżungli, i ryzykują ż",Familijne
Kupcy z Osaki,"W Epoce Edo, higaki kaisen (statki handlowe) były wykorzystywane do transportowania towarów do Edo (obecnie Tokio), centrum politycznej siły w Japonii. Tam, Fudasashi (handlowcy) czekali na wyładunek różnego rodzaju dóbr z Osaki, centrum kupieckiego Japonii.",Familijne
Quiz przyroda i geografia Polski,"""Quiz przyroda i geografia Polski"" to gra, której uczestnicy biorą udział w emocjonującej zabawie, a jednocześnie zdobywają wiele ciekawych informacji na temat geografii i przyrody Polski.",Familijne
Fauna (druga edycja),A co Ty wiesz o zwierzętach?,Familijne
Zaginione Dziedzictwo 3: Kronika II - Wieża Białozłota,"Zaginione Dziedzictwo to gra ryzyka, dedukcji i szczęścia. ",Familijne
Kociaki Łobuziaki,Gra o kotach biegających za kłębkiem!,Familijne
Kapitan Sknera,"Kaptan Sknera to interaktywna gra o podziale pirackich zdobyczy dla 2-6 graczy, z łupami typu: złote klucze, perły, monety, diamenty i flagi pirackie.",Familijne
Na Językach,"Wyposażeni w klejące języki, musicie nimi chwycić owada w określonym kolorze i kształcie. ",Familijne
Nowy Jork 1901,Jest rok 1901 i moda na olbrzymie wieżowce kwitnie w najlepsze. ,Familijne
Zbuduj swoje miasto,Jakie miałoby być miasto naszych marzeń?,Familijne
Ishtar,Potężna bogini Ishtar usłyszała twe wołanie!,Familijne
Pictomania (druga edycja),Druga edycja światowego hitu imprezowego,Familijne
Reykholt,"Gracze wcielają się w ogrodników, utrzymujących się z uprawy warzyw na pięknej Islandii!",Familijne
Morpheus: Dream Making Game,Stwórz potężne sny i zostań pomocnikiem Morfeusza,Familijne
Piraci 7 Mórz,siej postrach na akwenach siedmiu mórz!,Familijne
Spacer po Burano,Zaproś przyjaciół na spacer po włoskim Burano!,Familijne
Takie Życie!,"Trudno uwierzyć, że te historie wydarzyły się naprawdę!",Familijne
Maki Stack,Zamówienie złożone - czas na pokaz przygotowania sushi!,Familijne
Colt Express (edycja polska),Zabawna i ekscytująca gra w napad na pociąg!,Familijne
Magia i Myszy,W grze Magia i Myszy wcielicie się w bohaterów lojalnych dobremu Królowi Andonowi. ,Familijne
Cappuccino,Delektuj się wyśmienitą rozgrywką!,Familijne
NARABI (EDYCJA POLSKA),"Dotrzyjcie do wspólnego celu w jak najmniejszej liczbie ruchów. Aby odnieść sukces, musicie połączyć swoje siły, bo w tej grze liczy się praca zespołowa, pamięć, taktyka i precyzja.",Familijne
Twoja kolej,Stoi na stacji lokomotywa... – Powiększ swój majątek poprzez inwestycje w tabor kolejowy.,Familijne
Gatunki,Wesoła gra rodzinna o zwierzętach.,Familijne
Zaginione Dziedzictwo 2: Kronika I - Latający Ogród,"Zaginione Dziedzictwo to gra ryzyka, dedukcji i szczęścia.",Familijne
Dixit,Obraz wart jest tysiąca słów!,Familijne
Fasolki,Polska edycja wyśmienitej gry karcianej!,Familijne
Jurassic Snack,"Zjeść, czy być zjedzonym... oto jest pytanie!",Familijne
Ryzyk Fizyk FAMILY,Rodzinna wersja imprezowego hitu. ,Familijne
Mniam Mniam Placki,Kto jest najzdolniejszym kucharzem?,Familijne
Karak,"Ekscytująca, familijna gra przygodowa",Familijne
Muza,Niech prowadzi Cię MUZA!,Familijne
Szarlatani z Pasikurowic + dodatek promocyjny z goodie box,"""Szarlatani z Pasikurowic"" to familijna gra planszowa przeznaczona dla 2 do 4 graczy w wieku od 10 lat.",Familijne
Wodny szlak,"Wodny szlak to pięknie zilustrowana gra rodzinna, która doskonale sprawdzi się w każdej grupie wiekowej.",Familijne
"Zagrajmy, mamo: Krówka w kuchni",Gra z drewnianą łyżką kucharską,Familijne
ExoPlanets,"To dynamiczna gra dla 2 do 4 osób, w której gracze kierują wszystkimi procesami wspólnego układu planetarnego. ",Familijne
Pirackie poRachunki,"Rachuj, werbuj i plądruj!",Familijne
Jaskiniowcy,Już czas dokonać skoku ewolucyjnego!,Familijne
Top Secret,"Wcielasz się w rolę agenta i starasz się rozpracować siatkę agentów przeciwnika. Wygra gracz, który szybciej zdemaskuje agentów rywala.",Familijne
Pogromcy potworów,"Dasz się oczarować, czy staniesz się prawdziwym pogromcą potworów?",Familijne
Zombeasts,"Podczas pełni księżyca wszystkie potworki znane jako Zombeast opuszczają swoje kryjówki, by bawić się i psocić. ",Familijne
ROAR! Łap Potwora,"W tej grze gracze wcielają się w młodych naukowców oraz uciekającego potwora! Plansza przedstawia miasto podzielone na liczne trasy, dzielnice i budynki. ",Familijne
Najazd turystów,"Słońce, palmy i... walka o miejsce w hotelu!",Familijne
Memuuu,Zabawna gra ćwicząca pamięć,Familijne
Fits Travel,Dobrze się układa!,Familijne
Awantura o skarby,Dorwij fortunę!,Familijne
Steam Park (edycja polska),Steam Park to pełna akcji i niezwykle dynamiczna gra rodzinna. Gracze rywali,Familijne
Pentos,Wreszcie nadszedł czas wyczekiwanego przez wszystkich corocznego Festiwalu Czarów!,Familijne
Happy Party,"W swojej turze gracz rzuca dwoma kostkami. Następnie odnajduje na torcie wskazane przez kostki świeczki i próbuje je zdmuchnąć. Tylko ostrożnie, nie można pr",Familijne
BOARDING,ZAPRSZAMY NA POKŁAD SAMOLOTU!,Familijne
DZIOBAKI,DZIOBAKI I INNE ZWIERZAKI,Familijne
UFO,INWAZJA UFO!,Familijne
PAN TU NIE STAŁ! CINKCIARZ,Waluta! Dolarki! Bony! Kupię! Sprzedam! Co dla szanownego pana?! Czincz many?!,Familijne
Morze Chmur,"Wybierz kapitana, podbij niebo i stań się legendą w tej lekkiej grze strategicznej dla całej rodziny",Familijne
Superfarmer - gra karciana,"Rodzina Superfarmera, kultowej polskiej gry, znowu się powiększyła!",Familijne
Dywizjon 303 Big,Większa i bogatsza wersja lubianej przez wszystkich gry!  Teraz jeszcze więcej zabawy!,Familijne
Wyprawa na Biegun,Wyścig trwa!,Familijne
PtaKostki,Każdego dnia na płocie Twojego ogrodu na wsi zasiadają dziesiątki ptaków,Familijne
Stone Age Junior (edycja niemiecka),"Travel to the past with Jonon and Jada, two stone age children, to rediscover how the first humans settled the world around them.",Familijne
Sushi Express,Gracze krążą po mieście w swoich małych samochodach dostawczych i starają się dobrze zaopatrywać klientów. Kiedy przejeżdżają,Familijne
Zgubione Znalezione,"Przekonajcie się, kto ma najlepszą pamięć do szczegółów!",Familijne
Owce na wypasie,"Na wielkiej, zielonej łące spotkało się kilka stad owiec. Jedno z nich należy do ciebie. ",Familijne
Welcome to... Miasteczko marzeń,Zaprojektuj przedmieście jak ze snów!,Familijne
Splendor (edycja polska),"Splendor jest dynamiczną i niemal uzależniającą grą w zbieranie żetonów i kart, które tworzą zasoby gracza, umożliwiające mu dalszy rozwój. Gracze wcielają s",Familijne
INSPEKTOR TUSZ,"Odgadnij to, czego nie widzisz!",Familijne
Złoto Bohaterów,Potwory ruszają odebrać zagrabione im skarby!,Familijne
Pakiet Nowego Świata - Dice Settlers i Czarna Bandera,Pakiet Gier.,Familijne
MINI Quiz o świecie,Poszerz swoją wiedzę o świecie!,Familijne
Pora liczyć,Kto szybciej policzy warzywa i owoce rosnące na grządkach?,Familijne
Wióry Lecą,Zręcznościowa gra dla całej rodziny,Familijne
Azul: Witraże Sintry,Czy uda ci się stworzyć najbardziej okazałe i najpiękniejsze witraże w całej Portugalii?,Familijne
Kosmiczni Piraci,Jesteś kapitanem przemierzającym niezbadane obszary galaktyki. ,Familijne
Mr House,Zbuduj dom marzeń!,Familijne
Dobble Plaża,Zabierz Dobble na plażę!,Familijne
Bingo w metalowej puszce,Każdy grający w Bingo dostaje kartę z jednorazową kombinacją numerów w kratce oraz pustymi polami. ,Familijne
Motto,"Miłość, pasja czy pieniądze?",Familijne
Baba Jagna i zaczarowany las,"Wesoła gra przygodowa dla dzieci! Wejdź do zaczarowanego lasu i pomóż zapominalskiej czarownicy! Jeśli umiecie współpracować z innymi graczami, uda wam się odnaleźć wszystkie przedmioty i wygrać!",Familijne
Nowe Pokolenia,"W kronikach wsi otwiera się nowy rozdział, nadchodzą nowe Pokolenia. ",Familijne
Budowniczowie: Antyk,Budowniczowie to prosta i bardzo przyjemna gra w zarządzanie zasobami.,Familijne
Kolej na kolej - Dr Knizia poleca,Szybka gra familijna z unikalnymi kostkami,Familijne
Polska: Gra z historią,Wciągająca gra edukacyjna dla całej rodziny,Familijne
Roll & Wall (Wspinaczka),Kto pierwszy dotrze na szczyt?,Familijne
Batyskaf,Udokumentuj podwodny świat,Familijne
Obłoczki,Co za piękny dzień!,Familijne
Port Gdańsk,"W Porcie Gdańsk jeszcze nigdy nie było tak ruchliwie, jak dziś!",Familijne
Owce na manowce,Kto stworzy największe stado?,Familijne
Wesołe Krówki,"Poznajcie Wesołe Krówki – planszówkę, którą pokochały tysiące graczy na całym świecie!",Familijne
Mr. Jack Pocket,Kuba Rozpruwacz w wersji kieszonkowej.,Familijne
CHOINKA,UBIERAMY CHOINKĘ!,Familijne
MUNCHKIN LISTA SKARBÓW,Ukradnij skarb i wykiwaj kumpli - bez tego całego durnego grania w karty.,Familijne
Superbohaterowie,"Świat stoi na krawędzi zagłady. Wiele miast atakowanych jest przez ogromne pająki, a niebo pełne jest zmutowanych orłów. ",Familijne
Epoka Kamienia,Każdy wiek ma swoje wyzwania. Epoka kamienna ukształtowała się przez pojawienie się rolnictwa i przetwórstwa. ,Familijne
Skarabia,Nowe tajemnicze odkrycie wywołało poruszenie w środowisku archeologów.,Familijne
Pytaki,Niezwykle przyjemna gra rodzinna! Prosta gra integracyjna dla wszystkich domowników!,Familijne
Rummikub Travel (wersja podróżna),"Prosta, wciągająca, inna w każdej kolejnej rozgrywce. Taka właśnie jest gra ""Rummikub""!",Familijne
Zakazana wyspa,Odkryjcie tajemnice Zakazanej Wyspy! Dołączcie do zespołu nieustraszonych śmiałków w ryzykownej wyprawie celem wydobycia czterech sakralnych skarbów z niebez,Familijne
Rummy Kids (wersja dla dzieci),Bestsellerowa gra rodzinna w wersji dla najmłodszych!,Familijne
E-motionz (Travel),Ultradynamiczna gra planszowa! Pozytywne emocje i dużo śmiechu - gwarantowane!,Familijne
Przygoda na Safari,Aparaty w dłoń!,Familijne
Blueprints,"Dostajesz projekt, mądrze wybierasz kości i zdobywasz nagrody i trofea! Wybuduj budynki korzystając z projektów oraz wyobraźni i zmysłu taktycznego. Zostań najlepszym architektem!",Familijne
Parszywa 15,"Na graczy czekają paski zadań z symulacjami ułożenia kości, których suma oczek zawsze daje 15. Każdy gracz próbuje zapełnić to ułożenie możliwie wszyst",Familijne
Kanagawa - DE,Which artist will draw the most beautiful print?,Familijne
Skąpiec,"Wszyscy gracze starają się oszczędzać swoje żetony, mało wydać i możliwie jak najwięcej dla siebie wygrać. Do tego rzucają 5 kośćmi i wybierają z nich możliw",Familijne
Extra!,"Każdy z graczy tworzy dwie pary kości, których oczka sumuje i uzyskane dwie sumy zapisuje na swojej karcie. ",Familijne
Strachu ciachu,Strachu ciachu to dynamiczna gra karciana dla żądnych przygód bohaterów.,Familijne
Zaczarowane drzewo,Czary-mary pień prastary! ,Familijne
Agenci,Wciel się w rolę tajnego agenta. ,Familijne
Activity Go,"Narysuj ""pączek w maśle"", pokaż na migi ""lep na muchy"", opisz ""cuda na patyku"" nim upłynie czas! Gracze na zmianę losują hasła i próbują je przedstawić swoje",Familijne
Activity Compact,"Narysuj ""pączek w maśle"", pokaż na migi ""lep na muchy"", opisz ""cuda na patyku""... nim upłynie czas! Gracze na zmianę losują hasła i próbują je przedstawić sw",Familijne
Korsar,"Rozkazy są jasne: zdobądź wrogie galeony i chroń własne statki! Bądź czujny i rozważny! Nie bój się walki, nie miej litości! Do abordażu!",Familijne
Zero,"Proste zasady i emocjonująca rozgrywka. Cel gry jest jasny: zdobyć jak najmniejszą liczbę punktów, starając się uzyskać kombinację doskonałą: ZERO.",Familijne
Egipcjanin Chińczyk,Klasyczne gry na każdą okazję!,Familijne
KRABY NA FALI,"Kiedy nadchodzi przypływ, kraby szukają bezpiecznej kryjówki.",Familijne
Ubongo 3D,Układanie puzzli na czas!,Familijne
Odfrunęło z Wiatrem,Podziwiaj piękne i zwiewne motyle!,Familijne
Dobble,"W Dobble można grać na klika sposobów. W zasadach można znaleźć pięć mini-gier. Najpopularniejszą jest wersja, w której wszystkie karty rozdaje się graczom,",Familijne
Queendomino ( edycja polska),Queendomino to rozbudowana wersja światowego bestsellera – Kingdomino.,Familijne
Rzutem do mety,Zażarta walka ścianka w ściankę o miejsce na podium,Familijne
Shadow Master (Mistrz Cieni),"Mistrz cieni otworzył wyjątkowy teatr cieni. Tu cienie różnych przedmiotów pokrywają się, tworząc przeróżne tajemnicze kształty. Tylko prawdziwi specjaliści są w stanie rozszyfrować zagadki Mistrza Cieni.",Familijne
Dolina Nilu,Dolina Nilu odkrywa swe skarby. ,Familijne
Milionerzy (nowa edycja),"Tylko 12 pytań dzieli Cię od zdobycia tytułu ""Milionera""!",Familijne
Potworek Głodomorek,Nakarm swojego potworka!,Familijne
Carcassonne: Star Wars (wersja polska),Kafelkowe szaleństwo w odległej galaktyce...,Familijne
Laguna,Nieodkryte rajskie wyspy błękitnej Laguny czekają na zasiedlenie.,Familijne
Cool at Pool,"W grze ""Cool at Pool"" potrzeba trochę sprytu, planowania i szczęścia. Który z graczy najskuteczniej będzie rezerwował leżaki i pozbywał się nieproszonych gości, aby zdobyć jak najwięcej dobrych miejsc na słońcu?",Familijne
Dragonia,Śpiąca smoczyca Dragonia bardzo dba o swoje złote jaja. Jej ciepłe gniazdo skusiło jednak mniejsze jaszczurki. ,Familijne
Wsiąść do Pociągu: Nowy Jork,Pocałuj w stopę Statuę Wolności!,Familijne
Farmerama,Wskakuj w kalosze i biegnij na pole! Zagrajcie w cieszącą się powodzeniem grę online na planszy i bawcie się ile sił starczy! Zwycięskie punkty zdobywa ten g,Familijne
Hollywood,"Światło, kamera, akcja!",Familijne
Takie Życie 3 - Tajemnice,"Wieje nudą? Jedziecie samochodem? Pociągiem? Czekacie na samolot? Czekacie aż piąty gracz wyjdzie z łazienki lub wróci ze sklepu, byście mogli w końcu zacząć",Familijne
Potęga słowa,Gra słowna o walce tajnych agentów!,Familijne
Cut the Rope ( Edycja polska),Pomóż mu zaspokoić apetyt na łakocie!,Familijne
Ale Historia!,Ale Historia! to niezwykła podróż poprzez wieki! Gracze zagłębiają się w historii Polski i naszej narodowej kultury.,Familijne
Kingdomino,"Najnowsza gra familijna autora Małego Księcia, Abyss i Cyklad!",Familijne
Potwory w Nowym Jorku,Dołącz do walki o Nowy Jork!,Familijne
Carcassonne: Safari,Odkryjcie tajemnice safari,Familijne
Gra o Tron: Quiz,"Ile tak naprawdę wiesz o serialu telewizyjnym HBO Gra o Tron? Sprawdź swoją wiedzę, zmierz się z przyjaciółmi i zdobądź Żelazny Tron!",Familijne
Cardline: Marvel - edycja polska,Sprawdź kto jest silniejszy w świecie Marvela!,Familijne
Żółwie z Galapagos,Żółwie z Galapagos to bardzo prosta i emocjonująca gra rodzinna. ,Familijne
Bipper 1.0,Cztery super gry w jednym elektronicznym bipperze.,Familijne
Zakazana pustynia,Zbudujcie latającą maszynę by uciec z pustyni!,Familijne
Fashion Show,"Wciel się w projektanta i przygotuj niezwykłe stroje, które staną się hitem na nadchodzącym pokazie Fashion Show!",Familijne
Fits,"Szybka, prosta i niesamowicie wciągająca gra rodzinna. ",Familijne
Patchwork Express,Wyszyj sobie drogę do zwycięstwa.,Familijne
Chytrogród,Rodzinna wredna gra!,Familijne
50 Gier Dla Całej Rodziny,Kalejdoskop 50 gier towarzyskich,Familijne
KRÓLESTWO KRÓLIKÓW,Zostań długouchym lordem i zbuduj imperium!,Familijne
TORRES,Zostań budowniczym zamków.,Familijne
Śladami Phileasa Fogga,"Dołącz do Klubu Reforma, podejmij wyzwanie i wyrusz w podróż dookoła świata!",Familijne
Pixbox,"Przestawiaj, obracaj, układaj",Familijne
Młodzi czarodzieje,Wyjątkowa przygoda dla młodych adeptów magii!,Familijne
Garbage Day,Zwiariowana gra w podrzucanie śmieci współlokatorom!,Familijne
Motyla noga!,Czy kot złapie motylka?,Familijne
Rune Stones,Kto jest najpotężniejszym druidem?,Familijne
Kieszonkowe Kasyno,"Każdy szczęście znaleźć może, komu los dziś dopomoże.",Familijne
Great Tour,Jesteś właścicielem firmy autokarowej i próbujesz rozsławić ją na kontynencie!,Familijne
Kwiaciarenka,"Kwiaciarenka to prześliczna gra o relaksującej mechanice, w której naszym zadaniem będzie zaaranżować ustawienie bukietów na sklepowej witrynie",Familijne
Kocham Polskę,Nowa edycja gry na podstawie bestsellerowej serii książek dla dzieci i rodziców Kocham Polskę.,Familijne
Kurierzy,"Trzeba wykazać się niemałym sprytem, cierpliwością i stalowymi nerwami, aby pomyślnie wykonać misję",Familijne
Wsiąść do Pociągu: Polska + Europa,Zacznij przygodę z budowaniem tras!,Familijne
iKnow (edycja polska),"""iKnow"" to jedyna w swoim rodzaju gra, wymagająca zarówno wiedzy jak i umiejętności taktycznych.",Familijne
Twardy Orzech do Zgryzienia,Proste zasady - wartościowa rozgrywka dla całej rodziny!,Familijne
Wonderland,Pogoń za Białym Królikiem i zjedzenie magicznego ciasteczka to nie był dobry pomysł... ,Familijne
Kalambury - Podróż po Polsce,"Zagrajcie w ""Kalambury - Podróż po Polsce"" i przekonajcie się, ile wiecie o swoim kraju!",Familijne
5 w 1 (kolekcja klasyczna),"Jest to komplet dla wszystkich, pragnących mieć pod ręką znane i lubiane gry na całym świecie (Backgammon, Domino, Kółko i krzyżyk, Szachy, Warcaby)! ",Familijne
Logo: Gra planszowa,"Marki, które znasz i kochasz",Familijne
Photo loco(photoloco),"Twoja drużyna będzie zgadywała, co rysujesz na zdjęciu stanowiącym tło twoich bazgrołów i kontekst pomagający innym odgadnąć słowa kluczowe. Wszystko okaże s",Familijne
Hokus Pokus!,Wyczaruj stos magicznych przedmiotów!,Familijne
Palcem po mapie - Lisowscy w Azji,Podróżnicy Elżbieta i Andrzej Lisowscy zabierają graczy w podróż przez najciekawsze miejsca Azji.,Familijne
Pora na Kameleona,Uchwyć gada w obiektywie!,Familijne
Top Kitchen (edycja z wspieram.to),"Comber jagnięcy, stek z tuńczyka czy homar w sosie ziołowym?",Familijne
Tajny agent,Jedyne w swoim rodzaju połączenie quizu i gry imprezowej!,Familijne
Gangster City,Jesteś ostatnią nadzieją Gangster City! Zbieraj wskazówki i kombinuj - tylko bez pomyłek!,Familijne
Asy Przestworzy,Wciel się w rolę lotnika z czasów I wojny światowej. ,Familijne
HISTORIA (wydanie polskie),"W grze Historia gracze prowadzą swoje cywilizacje przez 12.000 lat ludzkiej historii, od wynalezienia ognia, aż do rozwoju technologii Singularity.",Familijne
Jedzie pociąg z daleka,Kafelkowa gra kolejkowa dla całej rodziny,Familijne
Park Niedźwiedzi,Układanie niedźwiedziego zoo dla całej rodziny!,Familijne
Ubongo (edycja polska),Układanie puzzli na czas!,Familijne
Domino,"To znana od dawna i ceniona gra towarzyska. Polega na tym, by dopasować ilość oczek na dokładanych do siebie kamieni. Zawartość produktu:</p",Familijne
Balansujący osiołek w metalowej puszce,Jakość marki Schmidt Spiele!,Familijne
Fuse (edycja polska),Macie tylko 10 minut! Czy uda wam się rozbroić wszystkie ładunki?,Familijne
Top and Down (Easy Play),"Wszyscy gracze poruszają swoje pionki w stronę ostatniego pola. Czasem odbywa się to górą, a czasem dołem.",Familijne
Camel Up,"Nowe, lepsze i jeszcze bardziej przebiegłe!",Familijne
CVlizacje,"Pełna humoru podróż przez stulecia. Najważniejsze idee, architektura i wynalazki z historii ludzkości zaprezentowane z przymrużeniem oka. ",Familijne
Kingdomino Revised Edition (Spiel des Jahres 2017),"In Kingdomino, you are a Lord seeking new lands in which to expand your kingdom. You must explore all the lands, wheat fields, lakes, and mountains in order to spot the best plots. But be careful as some other Lords also covet these lands...",Familijne
Biznes po polsku - podróżny,Prostsza i łatwiejsza od wersji planszowej - to wspaniała i emocjonująca gra.,Familijne
Joe's Zoo," Flaming, zebra, krokodyl i inni mieszkańcy zoo, ukryli się na nie swoich wybiegach, przez co zapanował kompletny chaos! Zadaniem graczy jest wywabić zwierzę",Familijne
Catan: Szybka gra karciana,Poprawiona odsłona ekonomicznej karcianki!,Familijne
Faras,Wyruszcie w niezwykłą podróż do serca Afryki! Wcielcie się w rolę polskich archeologów którzy - pod czujnym okiem profesora Kazimierza Michałowskiego,Familijne
Dobble Kids,"Ten, ten, no... wieloryb!",Familijne
Quadro Color," Trzy kartoniki, jedna plansza i wiele kolorowych kwadratów - do dzieła!",Familijne
Pokój 25: Apogeum,Wszystko co najlepsze w serii Pokój 25!,Familijne
Sprint,"Niesamowita gra kooperacyjna, w której liczy się przede wszystkim zręczność i współpraca zespołowa.",Familijne
Gra słów,Rodzinna gra kooperacyjna,Familijne
Story Cubes: Bohaterowie,"9 kości, 54 obrazy, nieskończona ilość opowieści",Familijne
4 w 1 - Dziewczyny,"""4 w 1 - Dziewczyny"" to zestaw 3 różnych gier i 60 puzzli do układania. Wszystkie gry i puzzle łączy grafika o tematyce skierowanej do dziewcząt. ",Familijne
Story Cubes: Interwencje,"9 kości, 54 obrazy, nieskończona ilość opowieści",Familijne
Domino obrazkowe - Dziewczyny,"W trakcie gry, każdy jej uczestnik stara się dołożyć jeden ze swoich elementów do układu leżącego na stole. ",Familijne
Remik słowny Deluxe,„Remik Słowny Deluxe” to fascynująca gra słowna. Łączy w sobie elementy losowe i strategiczne. ,Familijne
Domino obrazkowe - Mix,"Gra stara jak świat, polegająca na dopasowywaniu elementów o tej samej wartości. ",Familijne
Graffiti,"Czy potrafisz narysować ""burzę mózgów"" albo ""uciekający czas""?",Familijne
Wsiąść do Pociągu: Niemcy,Bezkonkurencyjna gra familijna z mapą Niemiec,Familijne
Imhotep: Budowniczy Egiptu,"Imhotep to pierwszy i najsłynniejszy budowniczy starożytnego Egiptu. Czy uda Wam się pójść w jego ślady i wznieść budowle, które przetrwają wieki?",Familijne
Ale japa,Imprezowa gra karciana! W tej grze nie wytrzymasz ze śmiechu!,Familijne
Colorio,"Dynamiczna, kolorowa gra rodzinna!",Familijne
Lokomotywa edukacyjna,"Gra dla dzieci w wieku przedszkolnym , której zasady umożliwiający ćwiczenie ( w zakresie podstawowym) umiejętności dodawania i odejmowania.",Familijne
Łubudu! (wersja Familijna),Rodzinna gra zręcznościowa!,Familijne
Łap złodzieja,"Witajcie na Dzikim Zachodzie, krainie ogromnych przestrzeni i palącego słońca, gdzie słychać tętent kopyt mustangów, a nocami wycie kojotów, gdzie spod nóg czmychają jaszczurki i gdzie nad głowami krążą wygłodniałe sępy.",Familijne
Wielcy Polacy,"Wielcy Polacy to gra, która ma za zadanie przybliżyć sylwetki postaci z historii Polski, które przyczyniły się do jej rozwoju i rozsławiania w świecie.",Familijne
Gemino,Elegancka gra logiczna dla całej rodziny! ,Familijne
Wtedy kiedy,Światowy bestseller! ,Familijne
Sowa Mądra Głowa poleca - Pogromcy liczb,"Twoja pociecha nieustannie mówi, że matematyka jest trudna i nudna i żadnym sposobem nie możesz skłonić jej do ćwiczeń z tego przedmiotu? To już przeszłość!",Familijne
Agricola - wersja dla graczy,Nowa wersja starej dobrej Agricoli.,Familijne
Wyrazy i zadania,"""Wyrazy i zdania"" to świetna zabawa i jednocześnie pomoc dydaktyczna dla dzieci w wieku przedszkolnym. ",Familijne
Basilica,Prawdziwy budowniczy może być tylko jeden,Familijne
Domino obrazkowe - Zawody,"Gra stara jak świat, polegająca na dopasowywaniu elementów o tej samej wartości. ",Familijne
Hobbit: Wyprawa po skarb,Dołącz do Bilbo Bagginsa i krasnoludów. Wyrusz w niebezpieczną wyprawę po skarb.,Familijne
Scriba Karty,"""Scriba Karty"" to prostsza i łatwiejsza wersja gier planszowych ""Scriba"".",Familijne
Co mnie otacza - gra w pamięć,Co mnie otacza to doskonały trening pamięci już dla najmłodszych intelektualistów.,Familijne
Gierki małżeńskie: Wiem wszystko,Zaimponuj innym swoją wiedzą,Familijne
Santiago,"Gracze wcielają się w plantatorów uprawiających banany, arbuzy, paprykę, winogrona i kokosy. Nic jednak nie urośnie bez wody!",Familijne
Hej! To moja ryba!,Nowa wersja hitu dla młodszych i starszych!,Familijne
Kalambury,"W drużynowej grze ""Kalambury"" wygrywa zespół, w którym gracze najlepiej potrafią przedstawić (za pomocą gestów lub rysunków) i najszybciej odgadnąć hasło wskazane losowo na karcie.",Familijne
Gimatriks,Gimatriks - tutaj liczą się słowa!,Familijne
Sawanna,"Które zwierzę jest sprytniejsze: żyrafa, zebra czy słoń? A może lew albo antylopa? ",Familijne
Color Addict Owoce,Znudziły Ci się kolory?,Familijne
Skup Żywca,"Zadaniem graczy jest kupowanie i sprzedawanie krów, świń, owiec oraz kur na wiejskim targowisku. ",Familijne
Bug,Kto wykaże się najlepszą spostrzegawczością?,Familijne
13 duchów,"Znajdź ducha, zanim on zauważy Ciebie!",Familijne
Podaj cegłe!,"Wcielasz się w rolę właściciela firmy budowlanej. Zatrudniasz robotników o różnych kwalifikacjach: majstrów, brygadzistów, pomocników i uczniów. Bierzesz udz",Familijne
Potworne porządki,Czy wszystkim uda się zaprowadzić porządek w zabawkach?,Familijne
"Statki, łupy, kościotrupy","Podczas rozgrywki w Statki, łupy, kościotrupy rzucamy specjalnymi kośćmi, by rozgrywać bitwy, grabić kupców a następnie w portach rozwijać statki i werbować",Familijne
Mam oko,Szukaj nietypowych par!,Familijne
Scrabble Original (wersja polska),W tej najpopularniejszej na świecie grze słownej liczy się każde słowo! Przy całej swej prostocie gra niesłychanie wciąga. ,Familijne
Mini City,Która mrówka zostanie nową królową kolonii?,Familijne
Wyprawa do El Dorado,"Wielki hit Reinera Knizi! Proste zasady, wielkie emocje!",Familijne
Triominos Travel (wersja podróżna),"Najbardziej fascynująca wariacja powszechnie znanego domina. ""Triominos"" dodaje dodatkowy wymiar rozgrywce. ",Familijne
Gigamon,Szukaj leśnych duszków i zostań czarodziejem!,Familijne
Gorący ziemniak (Travel),Imprezowa gra rodzinna! Pyszna zabawa dla małych i dużych!,Familijne
Gdybyś był... (Travel),"Zadziorna, imprezowa gra planszowa! Czy rywale znają Twoje prawdziwe ""ja""?",Familijne
Cortex,"Mądra gra, dzięki której gimnastykujesz umysł!",Familijne
Uwaga spoiler!,"Gra, w której spoilery są najważniejsze!",Familijne
Cortex dla Dzieci,Zobacz i poczuj co to za karta!,Familijne
Dobble Harry Potter,To tu zaczyna się magia!,Familijne
Gejsze (polska edycja Hanamikoji),"Minimum zasad, maksimum strategii!",Familijne
Pracownia Snów,"Zanurz się w Krainach Snów, zbieraj cenne Okruchy, które pozwolą ci zbudować własną wizję snu. Twórz krajobrazy otulające cię niczym ciepła, kojąca kołderka i odzyskaj spokój umysłu.",Familijne
Wsiąść do Pociągu: Amsterdam,Holenderski Złoty Wiek,Familijne
Magazynier,WSKAKUJ NA WÓZEK WIDŁOWY!,Familijne
Domek,Jak będzie wyglądał Twój wymarzony dom?,Familijne
Potwory w Tokio (nowa edycja),Potwory w wielkim mieście powracają!,Familijne
Welcome to... Nowe Las Vegas,"Co się wydarzyło w Vegas, zostaje w Vegas!",Familijne
Liski: Ojojanie (druga edycja),Wciel się w Puchatera i walcz z koszmarami!,Familijne
Europa w 10 dni,Zaplanuj wycieczkę marzeń!,Familijne
Small World of Warcraft (edycja polska),Popularna gra strategiczna w świecie Azeroth!,Familijne
Wyraź to!,"Wyraź to! to rodzinna gra drużynowa, w której zadaniem graczy jest odgadnięcie nazw emocji, nastrojów i stanów prezentowanych przez aktywnego gracza.",Familijne
Wyspa skarbów: Złoto Johna Silvera (Treasure Island),Kto pierwszy znajdzie skarb?,Familijne
Gdzie jesteś,Imprezowa gra na szybkość i spostrzegawczość! ,Familijne
Arboretum (edycja polska),Stwórz najpiękniejszy ogród botaniczny!,Familijne
Labirynt słów,Zastaw słowną pułapkę na swoich przeciwników!,Familijne
Palce w pralce,Polska edycja Rythme and Boulet,Familijne
Wsiąść do Pociągu: Londyn,Czas na herbatkę!,Familijne
Little Town,"Szybka gra strategiczna wykorzystująca mechanikę zarządzania robotnikami i surowcami, w której proste reguły zderzają się z trudnymi decyzjami.",Familijne
Kanagawa (edycja polska),Kto zostanie następcą Hokusaia?,Familijne
Obłędny Rycerz,"Niesamowita gra kooperacyjna, w której liczy się przede wszystkim zręczność i współpraca zespołowa.",Familijne
Cardline: Zwierzęta,"Które zwierzę jest większe, puszczyk czy indyk? A które cięższe - krowa czy rekin? A które dłużej żyje?  Pies czy wieloryb?",Familijne
Wsiąść do Pociągu: Europa,Polska edycja bestsellerowego Ticket to Ride: Europe,Familijne
Rolnicy,WIDŁY W DŁOŃ!,Familijne
Splendor Marvel,Powstrzymaj Thanosa przed zniszczeniem świata!,Familijne
Luxor,"Wejdźcie do wspaniałej świątyni w Luksorze, poprowadźcie poszukiwaczy przygód do tajemniczych korytarzy świątyni i po drodze odkryjcie cenne skarby.",Familijne
Abominacja: Dziedzictwo Frankensteina,Tchnij iskrę życia w nowego Frankensteina,Familijne
Przechlapane!,"Chlup, do wody!",Familijne
Szarlatani z Pasikurowic,"W Szarlatanach z Pasikurowic każdy z graczy szarlatanów (`Quacksalber` w języku niemieckim) tworzy swój własny tajny napar, przygotowując składniki ze wspólnej torby na zakupy.",Familijne
W pustyni i w puszczy,"Gra planszowa W pustyni i w puszczy, na podstawie powieści Henryka Sienkiewicza.",Familijne
Pandemic: Szybka reakcja,Czy uratujecie ludzkość przed zagładą?,Strategiczne
Viticulture Essential Edition (edycja polska),„Wino to poezja w butelkach.” Robert Louis Stevenson,Strategiczne
Twilight Imperium: Świt nowej ery,"Mecatol Rex. Centrum znanej galaktyki i niegdysiejsza siedziba Imperium Lazax. Dzisiaj Rex to tylko zgliszcza potężnej cywilizacji, dawno zapomniane imperium, a także obiekt pożądania wszystkich ras biorących udział w galaktycznych konfliktach.",Strategiczne
Star Wars: Zewnętrzne Rubieże,"Wykonuj zlecenia dla Huttów, kradnij i przemycaj towary pod nosem Imperium i przygotuj się na podbój galaktyki!",Strategiczne
Osadnicy: Wykreślane Imperium,"Osadnicy: Wykreślane Imperium to gra, w której gracze zarządzają swoimi zasobami rozbudowując swoją osadę o nowe specjalne budynki oraz o mury, nowe pola i chaty.",Strategiczne
Maracaibo,"„Maracaibo”, które zaprojektował Alexander Pfister, przenosi graczy w okres XVII-wiecznej kolonizacji Karaibów, świat pełen przygód i możliwości, gdzie najważniejsze europejskie nacje walczą o dominację, starając się poszerzyć i umocnić swoją potęgę polityczną oraz gospodarczą. ",Strategiczne
Mage Knight Ultimate (edycja polska),"Edycja Ultimate nie tylko łączy w sobie elementy RPG i budowania talii, z mechanikami tradycyjnych gier planszowych. ",Strategiczne
Brzdęk w Kosmosie,W Kosmosie… Nikt nie usłyszy… TWOJEGO BRZDĘKU!,Strategiczne
Architekci Zachodniego Królestwa,"Akcja Architektów Zachodniego Królestwa toczy się u schyłku Imperium Karolińskiego, około 850 r.n.e. ",Strategiczne
Sentient,STOIMY U PROGU KOLEJNEJ REWOLUCJI TECHNOLOGICZNEJ.,Strategiczne
Paladyni Zachodniego Królestwa,Szykujcie konie i ostrzcie miecze. Paladyni nadchodzą!,Strategiczne
Harry Potter: Hogwarts Battle (edycja polska),Stań do walki z Sam-Wiesz-Kim!,Strategiczne
Karczma pod Pękatym Kuflem,"W Karczmie pod pękatym kuflem gracze, aby wygrać, muszą odpowiednio wybierać kości i rozbudowywać talię zbierając w niej najlepszych pomocników i najbogatszych bywalców.",Strategiczne
The Voyages of Marco Polo (edycja polska),"W roku 1271, młody Marco Polo wyruszył na wyprawę ze swoim ojcem i starszym bratem, której celem były Chiny. Po długiej i wyczerpującej wędrówce dotarł do swojego celu 4 lata później. ",Strategiczne
Gugong edycja polska,"Czy nie zawahasz się przed niczym, aby przechytrzyć swoich rywali? Wkrocz do Gùgōng i przekonaj się!",Strategiczne
Gloomhaven (edycja polska),Fantastyczna gra przygodowa o niespotykanej skali rozgrywki,Strategiczne
Tiny Epic: MECHS PL,"„Tiny Epic: MECHS” to gra przedstawiająca walki na arenie, w której gracze wcielają się w doskonale wyszkolonych pilotów mechów.",Strategiczne
Urban Panic,Wybuduj miasto swoich marzeń!,Strategiczne
Zamek Smoków,Fenomenalna gra inspirowana Mahjongiem,Strategiczne
Jórvik ( edycja polska),"Podczas ery Wikingów, przez dziesięciolecia znaczna część Anglii była okupowana przez ludy z dalekiej północy.",Strategiczne
Dice Settlers: Osadnicy z Krwi i Kości,Czy jesteś prawdziwym osadnikiem z krwi i kości?,Strategiczne
Terraformacja Marsa (edycja gra roku),"Ludzkość rozpoczęła ekspansję w Układzie Słonecznym. Na Marsie założono już kilka niewielkich kolonii. Ich mieszkańcy są odgrodzeni od naturalnego środowiska straszliwie zimnej, suchej i niemal pozbawionej atmosfery planety.",Strategiczne
Unita,"Gra z kostkami, w której wszystko zależy od decyzji gracza. Oddziały sformowane z specjalnych kości nacierają w kierunku magicznego portalu, co rusz wchodząc",Strategiczne
Newton (edycja polska),"W połowie XVII wieku rozpoczął się okres wielkich zmian w historii ludzkości – rewolucja naukowa, zapoczątkowana przez wprowadzenie nowych metod naukowych.",Strategiczne
Gra o Tron: Żelazny Tron,W grze o tron zwycięża się albo umiera.,Strategiczne
Haru Ichiban,W cesarskich ogrodach natura powoli budzi się do życia.,Strategiczne
INIS,Przenieś się do świata celtyckich mitów!,Strategiczne
Pulsar 2849 (edycja polska),Odkrywaj nowe technologie i eksploruj niezbadany kosmos,Strategiczne
ALTIPLANO (EDYCJA POLSKA),Zamieszkaj wśród alpak i rozwijaj Altiplano!,Strategiczne
Lincoln,"Lincoln to szybka, strategiczna gra wojenna autorstwa Martina Wallace’a, w której rozegrasz całą Wojnę Secesyjną w przeciągu dwóch godzin!",Strategiczne
Railroad Revolution,Rozpoczęła się Kolejowa Rewolucja!,Strategiczne
Sekret: Czy chcesz żyć wiecznie?,"Studiując taoizm, gracze będą ścigać się, aby zobaczyć, kto będzie pierwszym, który stanie się Xianem i osiągnie nieśmiertelność.",Strategiczne
Neuroshima HEX 3.0,Neuroshima HEX 3.0 to planszowa gra strategiczna rozgrywająca się w postapokaliptycznym świecie opanowanym przez mutantów i bezwględne maszy,Strategiczne
HANSA TEUTONICA (edycja polska),"Gracze reprezentują gildie kupieckie, które starają się zwiększyć swoje wpływy w Hanzie - potężnym związku miast handlowych.",Strategiczne
Nanty Narking (edycja polska),Kultowa gra Martina Wallace!,Strategiczne
Forum Trajanum ( edycja Polska),W czasie gdy cesarz Trajan wznosi największe i najwspanialsze cesarskie forum w historii Rzymu...,Strategiczne
Kemet (edycja polska),W mitycznym Egipcie tylko najodważniejsi stają do walki!,Strategiczne
1989: Jesień Narodów,Odtwórz kluczowe rewolucje roku 1989,Strategiczne
Montana (edycja polska),"Zatrudniaj pracowników, dostarczaj produkty i dokonuj przemyślanych wyborów co do zasiedlania dzikich terenów XIX-wiecznej Ameryki.",Strategiczne
Adrenalina,Stań do walki na cybernetycznej arenie!,Strategiczne
BURANO: WYSPA KOLORÓW,Zasmakuj życia w kolorowym mieście!,Strategiczne
Fallout Shelter (edycja polska),Kto zostanie nowym nadzorcą krypty?,Strategiczne
Loyang,"Chiny, 2000 lat temu: Loyang zostało stolicą Dynastii Han i jedną z czterech głównych metropolii starożytnych Chin.",Strategiczne
Drako: Smok i Krasnoludy,kto przetrwa to starcie?,Strategiczne
Uczta dla Odyna,"Łup, poluj i eksploruj - zostań Wikingiem godnym opiewania w Sagach!",Strategiczne
Dynasties: Heirate & Herrsche,"Renaissance Europe is coming together, and people have realized that even the most powerful dynasties can achieve more together, so members of those dynasties are marrying, trading and sharing with one another — but who will end with the biggest piece of the pie?",Strategiczne
Pocket Imperium (edycja polska),Kieszonkowy podbój galaktyki!,Strategiczne
CATAN: NARODZINY PAŃSTWA INKÓW,Rozwijaj ziemie Ameryki Południowej,Strategiczne
Ewolucja,Wolisz znosić jajka czy mieć długą szyję?,Strategiczne
Orbis,Ułóż świat na nowo!,Strategiczne
Wiek Pary,Bądź największym wynalazcą!,Strategiczne
New Frontiers ( edycja polska),"New Frontiers to gra planszowa zaprojektowana przez Toma Lehmanna wykorzystująca mechanikę budowy silniczka, w której gracze budują swoje kosmiczne imperia, odkrywają i kolonizują planety, nabywają technologie, produkują i sprzedają towary.",Strategiczne
Blackout: Hong Kong (edycja polska),"Wyobraź sobie, że najbardziej rozświetlone miasto na świecie pogrąża się w ciemności!",Strategiczne
Chromosome,"W Chromosome wcielacie się w pozaziemskie mikroby, które przybyły na Ziemię wraz z meteorytem.",Strategiczne
TEOTIHUACAN: MIASTO BOGÓW,"W grze Teotihuacan: Miasto Bogów każdy z graczy kontroluje robotników i dąży do zapisania się w historii, jako najsprawniejszy budowniczy.",Strategiczne
Astro Jam,"To miał być zwykły, rutynowy dzień (lub noc?) na międzynarodowej stacji orbitalnej. Błąd w obliczeniach i zabłąkana asteroida całkowicie zmieniły sytuację. D",Strategiczne
Budowa miasta,Inwestuj w nieruchomości i zostań milionerem!,Strategiczne
Farmers vs Empire (Farmerzy przeciwko Imperium),"""Farmerzy przeciwko Imperium"" to dwie niezależne gry w jednym pudełku. Pierwszą z nich jest ""The Second Boer War 1899-1902"", która przedstawia cały konflikt.",Strategiczne
ANTARKTYDA,Kolonizacja Antarktydy na skalę przemysłową,Strategiczne
Gra o Tron 2 edycja,"Król Robert Baratheon nie żyje, a siedem królestw szykuje się do nadciągającej wojny. ",Strategiczne
Leśne Duchy,Leśne duchy to prosta gra w obłędnej oprawie graficznej.,Strategiczne
Venezia 2099,"Gondole, mosty, kanały, tramwaje wodne i pałace - Wenecja to prawdziwa legenda! Miasto wzniesione na ponad 100 wyspach, nie bez powodu nazywane ""perłą Adriat",Strategiczne
Stawka większa niż życie,Kultowy serial Stawka większa niż życie doczekał się swojej adaptacji na grę planszową. Ta rozbudowana gra o unikalnej mechanice pozwala pokierować losami bo,Strategiczne
Asteroyds,Każdy z graczy wciela się w jednego z p,Strategiczne
Monolith Arena,Podkręć rozgrywkę dzięki zasadom MONOLITU!,Strategiczne
Concordia (edycja polska),Zapewnij chwałę swemu rodowi i Rzymowi,Strategiczne
Andromeda,"Odkryj tajemnice starożytnego statku kosmicznego! Na radarach skanujących przestrzeń kosmiczną pojawił się zagadkowy statek, który nie p",Strategiczne
Kacper Ryx i Król Żebraków,"Król umarł, niech żyje król!",Strategiczne
LONDYN (druga edycja),"Wielki pożar z 1666 roku strawił większość miasta, teraz nadszedł czas, by je odbudować.",Strategiczne
Sid Meier's Civilization: Gra Planszowa,Gra planszowa na podstawie legendarnej gry komputerowej,Strategiczne
Star Wars: Rebelia,"Gra planszowa Star Wars: Rebelia pozwala graczom odtworzyć emocjonujące starcie pomiędzy Sojuszem Rebeliantów a Imperium Galaktycznym. Obejmij kontrolę nad siłami Imperium i uwolnij ich potęgę militarną, aby odnaleźć bazę rebeliantów albo wywołaj Rebelię na szeroką skalę, opierając się na walce partyzanckiej i sabotażu.",Strategiczne
Hunowie,Kto zdobędzie tytuł Wielkiego Khana?,Strategiczne
Podwodne Miasta,"Gwałtownie rosnąca liczba przeludnionych metropolii uzmysłowiła ludzkości, że czas na założenie nowego domu – na dnie morza.",Strategiczne
Mare Nostrum: Imperia,Starożytni Rzymianie nazywali Morze Śródziemne „mare nostrum”. W języku łacińskim oznacza to po prostu „nasze morze”. Czy i tobie będzie dane tak o nim powiedzieć?,Strategiczne
Akademia Smoczych Wrót,Przekroczcie progi magicznej szkoły poszukiwaczy przygód!,Strategiczne
Pacal's Rocket,"Odkrycie tajemniczego kamienia grobowego w starożytnym mieście Majów - Palenque, wywołało wiele emocji. Czy naprawdę ukazuje astronautę w statku kosmicznym? Czy kosmici byli odpowiedzialni za budowę piramid Majów? ""Pacal's Rocket"" statkami kosmicznymi przenosi graczy do mitycznych czasów, gdy Pakal Wielki rozpoczął budowę miasta.",Strategiczne
Trismegistus,Zostań największym alchemikiem!,Strategiczne
DOOM: Gra planszowa,IDŹ DO DIABŁA – I NIGDY NIE WRACAJ,Strategiczne
Funkenschlag (Wysokie Napięcie) Europe/North America,Funkenschlag (Wysokie Napięcie) Europe/North America is a standalone game in the Power Grid universe.,Strategiczne
Catan: Pojedynek,Stańcie do pojedynku w niesamowitym świecie Catanu!,Strategiczne
Europe Divided (edycja polska),Zakończenie Zimnej Wojny wprowadziło Europę w epokę rozwoju.,Strategiczne
Brass: Birmingham (edycja polska),"Masz ochotę na wzięcie udziału w nowej erze Rewolucji Przemysłowej, w realiach jednej z najlepszych gier ekonomicznych wszech czasów? ",Strategiczne
Volt (edycja polska),Witamy na arenie starć robotów!,Strategiczne
PRZEPOWIEDNIA,Przepowiednia to bajecznie wykonana gra korzystająca z unikalnej mechaniki „kryształowej sieci” stanowiącej swoistą grę w grze.,Strategiczne
ROTUNDA,Strategia na okrągło,Strategiczne
Guns & Steel: Historia Ludzkości," ""Guns & Steel. Historia ludzkości"" to niedługa gra karciana, która oferuje z jednej strony prostotę reguł, z drugiej zaś wybory, zależności i interakcję między graczami.",Strategiczne
Kosmiczne Spotkania,Zbuduj galaktyczne imperium…,Strategiczne
Fallout: Gra planszowa,"Fallout to gra planszowa oparta na bestsellerowej serii gier komputerowych o tym samym tytule, wydawanych przez firmę Bethesda.",Strategiczne
Tajemnica Whitehall,"Tajemnica Whitehall to doskonale dopracowana gra dedukcji i blefu, której akcja rozgrywa się w Londynie w czasach Kuby Rozpruwacza.",Strategiczne
NA POLACH FLANDRII,Czy chcecie się poczuć jak oficer dowodzący w okopach Flandrii? Ta gra daje wam taką szansę!,Strategiczne
Namiestnik,"Namiestnik to wyjątkowa gra karciana z systemem piramidy, której akcja dzieje się w legendarnym rosyjskim świecie dark fantasy „Berserk”, gdzie brutalne wojn",Strategiczne
Czas Honoru: Operacja Most III,"Jest rok 1944, Niemcy w tajnym poligonie rakietowym w Bliźnie intensywnie pracują nad rakietami balistycznymi V-2. Broń ta ma w zamyśle kierownictwa III",Strategiczne
This War of Mine: Gra Planszowa,This War of Mine: Board Game to zupełnie nowe podejście do rozgrywki.,Strategiczne
Mafiozoo,Planszowa gra strategiczna pełna korupcji i walki o wpływy.,Strategiczne
Catan: Gwiezdni Osadnicy,Wreszcie udało się sięgnąć gwiazd! Jest środek trzeciego tysiąclecia.,Strategiczne
Tuareg (Targi),Zostań władcą pustyni,Strategiczne
Pixie Queen (edycja polska),"Wróżki są nieposłusznymi, małymi mitycznymi stworkami, żyjącymi głównie na terenach Kornwalii i Devon.",Strategiczne
Outer Rim,"W odległych zakątkach kosmosu zwanych Zewnętrznymi Rubieżami trwa nieustanna wojna podjazdowa pomiędzy Ziemianami, a Kalmianami. Obie agresywne rasy",Strategiczne
Wiek Złodziei,"Wiek Złodziei to gra przeznaczona dla 2 do 4 graczy, z których każdy wcieli się w jedną z sześciu postaci tytułowych złodziei.",Strategiczne
Listy z Whitechapel,"W Listach z Whitechapel jeden z graczy przyjmuje rolę Kuby Rozpruwacza, a pozostali – pięciu detektywów ścigających go po uliczkach wiktoriańskiego Londynu.",Strategiczne
Księstwo,Taktyczna gra polegająca na tworzeniu potężnych księstw.,Strategiczne
Azyl: Zagrożone gatunki,Worker placement z unikalną mechaniką zasięgu widzenia akcji,Strategiczne
Capital,W grze Capital zadaniem gracza będzie budowa jednej z dzielnic Warszawy.,Strategiczne
Sid Meier’s Civilization: Nowy początek,Sid Meier’s Civilization: Nowy początek przenosi bestsellerową serię komputerowych gier strategicznych na planszę. ,Strategiczne
Cry Havoc,"Cry Havoc to asymetryczna gra dla 2-4 graczy, oparta na mechanice kontrolowania terytorium (area control).",Strategiczne
Cywilizacja: Poprzez Wieki (3 edycja),Nowa edycja rewelacyjnej strategii,Strategiczne
Zombie Terror,Przetrwaj inwazję zombie!,Strategiczne
Metallum,"Ogromne Statki-Fabryki przemierzają przestrzeń kosmiczną w poszukiwaniu Metallum – nowo odkrytego, lecz bardzo pożądanego surowca. ",Strategiczne
Most Primosole 14 - 17 lipca 1943,„...W rejonie mostu miało lądować 1856 spadochroniarzy. Później miały lądować szybowce z działami przeciwpancernymi. Armada powietrzna została ostrzelana prz,Strategiczne
Mezo,Mezo to innowacyjna gra area control i dudes on a map dla 2-4 graczy zainspirowana mitologią Majów.,Strategiczne
Osadnicy: Królestwa Północy,"Osadnicy z trzech północnych królestw, poszukując możliwości dalszego rozwoju, wypływają w kierunku obcych lądów w nadziei na znalezienie nowych zasobów.",Strategiczne
51. Stan: Master Set,"Świat, który znasz przestał istnieć.",Strategiczne
Tapestry edycja polska,"Opowieść intrygująca i pełna rozmachu jak świat, w którym się rozgrywa – wschodząca cywilizacja wchodząca na krętą ścieżkę rozwoju, aby zapisać się na kartach historii jako najpotężniejsze imperium w dziejach planety, a nawet kosmosu.",Strategiczne
Tortuga 2199,"„Tortuga 2199” to gra oparta na mechanice deck-building, w której gracze wcielając się w kapitanów pirackich statków kosmicznych przemieszczają się po modularnej planszy. ",Strategiczne
Caylus 1303 (edycja polska),Klasyk gatunku worker placement w zupełnie nowej odsłonie!,Strategiczne
Na skrzydłach,"Kolorowe ptaki, szelest skrzydeł i cisza rezerwatu",Strategiczne
Res Arcana (edycja polska),Kto zwycięży pojedynek magów?,Strategiczne
Alchemicy (Alchemists),Dzisiaj dostałem mój nowy kociołek. Nareszcie moje laboratorium jest gotowe! Całe dnie zbierałem i suszyłem składniki w oczekiwaniu na tę chwilę. Co by t,Strategiczne
Lewis & Clark: The Expedition (edycja polska),Odświeżona wersja gry ekonomicznej o XIX-wiecznych podróżach w głąb Luizjany!,Strategiczne
Neuroshima: Last Aurora,"Neuroshima: Last Aurora to gra oparta na Last Aurora, grze autorstwa Mauro Chiabotto z sukcesem ufundowanej na Kickstarterze w ubiegłym roku, którego polską edycję Portal Games osadził w świecie Neuroshimy.",Strategiczne
Warhammer: Diskwars (edycja polska),"Nadeszła era wojny. Armie orków, elfów i ludzi cały czas się rozrastają. Wzmagają się wiatry magii, a demony najeżdżają kolejne krainy. Krążą plotki o czempi",Strategiczne
Neuroshima: Last Aurora - Przebudzenie Molocha,Dodatek do Neuroshima: Last Aurora wprowadza nowe karty i zasady,Strategiczne
Cyklady,Wybierz się w podróż do archipelagu Cyklady,Strategiczne
Sonar edycja polska,Na dnie oceanu nikt nie usłyszy twojego krzyku!,Strategiczne
Harry Potter: Hogwarts Battle - Defence Against the Dark Arts (edycja polska) + Zestaw 4 kart,Dynamiczny pojedynek czarodziejów,Strategiczne
Black Angel (edycja polska),Zarządzaj międzygalaktyczną fregatą!,Strategiczne
(Nie) powinieneś 2,Gra dla miłośników czarnego humoru,Imprezowe
Karty Dżentelmenów,"Karty Dżentelmenów to imprezowa gra towarzyska bez kurtuazji i pruderii, za to z ogromną dawką czarnego humoru.",Imprezowe
(Nie)Powinieneś,Gra dla miłośników czarnego humoru,Imprezowe
Karty Dżentelmenów: Epizod Czwarty,Czwarta edycja gry imprezowej dla miłośników czarnego humoru,Imprezowe
Stwory z obory,"Twoją wioskę nękają krwiożercze bestie, a słynni łowcy potworów rzucili robotę w diabły?",Imprezowe
Hook!,"Kiedy ocean jest spokojny, a statki pirackie stoją bez ruchu w wodzie...",Imprezowe
Oto jest pytanie!,Sztuka zadawania trafnych pytań,Imprezowe
10 minut,Nie ufaj nikomu - zaufaj instynktom,Imprezowe
Blank,Prawdziwie kreatywna rozgrywka!,Imprezowe
Dobble: Gdzie jest Dory?,"Dobble ""Gdzie jest Dory?"" to 30 różnych kart z symbolami pochodzącymi ze świata tego filmu",Imprezowe
Chyba śnisz!,Twórzcie i zapamiętujcie niepowtarzalne historie!,Imprezowe
KNIT WIT,"Knit Wit to wyjątkowa gra słowna autorstwa Matta Leacock'a (Pandemia, Zakazana Wyspa).",Imprezowe
The Resistance (edycja polska),"Czy zdołasz domyślić się, kto z zebranych jest Agentem?",Imprezowe
The Resistance: Avalon - Rycerze Króla Artura,"Artur reprezentuje przyszłość Brytanii, obietnicę dobrobytu i honoru, jednak wśród jego dzielnych rycerzy kryją się poplecznicy Mordreda. Siły zła są nielicz",Imprezowe
Mamy szpiega! (Spyfall),"„Gadatliwość zatapia statki” to znana metafora z okresu drugiej wojny światowej, podkreślająca, że w szpiegowskim świecie dyskrecja jest najważniejsza. Agent",Imprezowe
Słowo Stwory,To gra imprezowa polegająca na wymyślaniu na czas słów pasujących do kategorii wskazanej przez kostkę oraz zawierających litery widoczne na kartach. Należy w,Imprezowe
Wymyśl to!,Gra na szybkie myślenie!,Imprezowe
Król Ozo,Imprezowa gra zręcznościowa o obstawianiu i porównywaniu długości,Imprezowe
Mamma Mia (edycja polska),Przygotuj najbardziej zwariowaną pizzę!,Imprezowe
Munchkin Steampunk (edycja polska),Nasz ulubiony Munchkin wśród maszyn i pary!,Imprezowe
Escape Room: Zagadka Sfinksa,Kieszonkowy escape room dla grupy lub pojedynczego gracza,Imprezowe
Rączki Złączki,"Rączki Złączki to gra imprezowa, w której przeplata się zręczność i kooperacja!",Imprezowe
Pic na wodę! (What The Fake!),"Dali, Van Gogh, Monet, Rembrandt, Kossak... Każdy niesamowity, z własnym stylem, patrzący na rzeczywistość inaczej, a wszyscy sławni. Nie inaczej będzie",Imprezowe
FRUIT NINJA: COMBO PARTY (EDYCJA POLSKA),Połączenie pokera i Jungle Speed!,Imprezowe
Hanabi (edycja polska),Wesoła gra kooperacyjna o fajerwerkach,Imprezowe
Panika w laboratorium,"Wesoła gra imprezowa, którą pokochały miliony osób na całym świecie!",Imprezowe
Gorący Ziemniak Party,"Myśl, kojarz, rzucaj!",Imprezowe
Ranczo Party,"Ranczo Party to pełna humoru taktyczna układanka, która uczy planowania i pobudza logiczne myślenie, a przy tym wciąga, jak dobry film akcji. ",Imprezowe
Żyrafometr,Szybka gra w porównywanie faktów,Imprezowe
Drwale w lesie,Polska edycja gry Timberman,Imprezowe
Karty Dżentelmenów: Epizod Trzeci,Trzecia edycja gry imprezowej dla miłośników czarnego humoru,Imprezowe
Czarne historie 9,Kontynuacja bestsellerowej gry imprezowej od której włosy stają dęba,Imprezowe
Śmierć Jaśniepanu!,Myśl szybko - nie trać głowy!,Imprezowe
Tajniacy XXL,"Przednia, zespołowa zabawa dedukcyjna w rozmiarze XXL!",Imprezowe
"Polska, gola! (Polska - Hiszpania)",Podejmij wyzwanie i pomóż Polsce zdobyć Puchar Świata FIFA!,Imprezowe
Szybcy i wpienieni,"Obcy mają z nami wiele wspólnego... bo tak jak my, uwielbiają piwo. I sami też potrafią je produkować. Jednak odkąd nastały galaktyczne zmiany pogodowe, warz",Imprezowe
Jak Wściekłe Psy,"Jak Wściekłe Psy to prawdziwe ucieleśnienie dynamicznej, niezwykle interaktywnej gry imprezowej.",Imprezowe
Escape Room. Podróż w czasie,Emocje z prawdziwego escape roomu ukryte wewnątrz talii kart!,Imprezowe
Escape Room. Skok w Wenecji,"Kieszonkowa wersja rozrywki, która stała się światowym fenomenem!",Imprezowe
Łupieżcy,Kto położy puchate łapki na skarbach Rigora Mortisa?,Imprezowe
Dylematy 2,Dwukrotnie trudniejsze wybory i jeszcze odważniejsze decyzje!,Imprezowe
EXIT: Gra Tajemnic - Stacja badawcza,Czy uda wam się znaleźć wyjście?,Imprezowe
EXIT: Gra Tajemnic - Zakazany zamek,Czy uda wam się znaleźć wyjście?,Imprezowe
Skull (edycja polska),Imprezowa gra dla ludzi o mocnych nerwach,Imprezowe
Kaleidos,Mnogość barw i bogactwo elementów!,Imprezowe
Łapkosztuczki - sztuczkołapki,Gra zręcznościowa dla małych i dużych,Imprezowe
Sabotażysta,Krasnoludy krasnoludom zgotowały ten los,Imprezowe
Crime Story - Detektywi bez Licencji,Stwórz własny kryminał!,Imprezowe
Wirus!,Zaraźliwa gra imprezowa,Imprezowe
Tagi,Jak szybko znajdujesz pasujące słowa?,Imprezowe
Vudulhu (edycja polska),"Daj wycisk swoim przeciwnikom, na chwałę Przedwiecznego!",Imprezowe
Daję słowo!,Twórz coraz trudniejsze wyrazy i zdobywaj punkty,Imprezowe
Czółko bez cenzury,"CZÓŁKO BEZ CENZURY to kultowa gra towarzyska dla dorosłych w wersji karcianej! Lepiej nie zaczynaj, jesli nie masz osiemnastki na karku!",Imprezowe
"Dobry, Zły i Munchkin",Munchkin w westernowych klimatach,Imprezowe
Escape Room. Tajemnica Eldorado,"Kieszonkowa wersja rozrywki, która stała się światowym fenomenem!",Imprezowe
Zombie Fluxx (edycja polska),"Zombie FLUXX to gra o prostych regułach – dobierz jedną kartę i zagraj jedną kartę. Jednak kiedy myślisz, że już udało Ci się znaleźć odpowiednie Fanty i chc",Imprezowe
Vudu (edycja polska),"W Vudu wcielisz się w czarownika, który zbiera składniki do swoich wyszukanych klątw. Staniesz się adeptem czarnej magii i będziesz rzucać uroki na swoich pr",Imprezowe
Duże i włochate,Gra niefortunnych skojarzeń,Imprezowe
Podaj dalej!,"Szkicuj, zgaduj, podaj dalej!",Imprezowe
Szóstki,Wykaż się bogatym słownictwem!,Imprezowe
Łap za słówka!,Każde słowo na wagę złota,Imprezowe
Niezłe ciacho,Zdobądź najlepszy zestaw smakołyków,Imprezowe
Czarne historie Śledztwo,Czarny kruk wśród gier dedukcyjnych.,Imprezowe
Tajniacy (Codenames),"Dwie drużyny, którym przewodzi dwóch Szefów Wywiadu, próbują jak najszybciej nawiązać kontakt ze wszystkimi swoimi agentami.",Imprezowe
Munchkin Apokalipsa - Edycja jubileuszowa,Nadchodzi koniec świata...,Imprezowe
Escape Room. Atak na Londyn,Emocje z prawdziwego escape roomu ukryte wewnątrz talii kart!,Imprezowe
Party Alias - Wielki Zakład,"Pokażcie, co potraficie! Przejrzyjcie przeciwników i załóżcie się z nimi!",Imprezowe
Pechowa Krowa,"Co za zamieszanie! Stado krów wymknęło się z zagrody, a za nimi przez dziurę w płocie wydostało się też wiele koni, świń i owiec.",Imprezowe
Super Munchkin - Edycja Jubileuszowa,"Jeszcze więcej super potworów, skarbów i poziomów!",Imprezowe
Czarne historie 8,Kontynuacja bestsellerowej gry imprezowej od której włosy stają dęba,Imprezowe
Jungle Speed: Plaża,zabierz Jungle Speed na plażę!,Imprezowe
EXIT: Gra Tajemnic - Zapomniana wyspa,Czy uda wam się znaleźć wyjście?,Imprezowe
Extra FAKTY,Gra imprezowa w dwóch wariantach,Imprezowe
Kraina Snów,Nałóż opaskę na oczy i śpij dobrze!,Imprezowe
Activity,"Activity jest grą, umożliwiającą wykazanie się różnymi formami kreatywności. ",Imprezowe
Rysowane kalambury (wersja podróżna),"Ciekawe, co autor miał na myśli... Czy zdołasz odgadnąć, co przedstawia rysunek? Klepsydra będzie ci przypominać o upływającym czasie...Rozwikłaj skrywające",Imprezowe
Feelinks,"Jakbyś się poczuł, gdybyś usłyszał: ""Jeden z członków twojej rodziny wyjawia, że miewa prorocze sny""? Byłbyś smutny? Podekscytowany? Przerażony? Może nawet szczęśliwy? A co najważniejsze, jakby czuł się twój partner w grze? Feelinks to gra na emocjach.",Imprezowe
Ku radości Pana,"A kiedy Mroczny Pan wstaje lewą nogą, cierpią jego sługusy. To właśnie na was, nadsługusy, spadł obowiązek rozweselenia go. ",Imprezowe
Zaginiony Klucz,"Współpracujcie, by odnaleźć klucz!",Imprezowe
Stwór,Czy możesz zaufać przyjaciołom?,Imprezowe
Telepatia,"Gra telepatia to świetny sposób na urozmaicenie spotkania towarzyskiego czy rodzinnego. Jest to interesująca gra, w której główną rolę odgrywają twoje... sko",Imprezowe
Nie do pary,"Pełna śmiechu, szybka gra towarzyska, która doskonale sprawdzi się w dowolnym towarzystwie.",Imprezowe
Głodostwory,Nakarm klientów zanim sam staniesz się posiłkiem!,Imprezowe
Dzieła mistrzów,"Pełna śmiechu, szybka gra towarzyska, która doskonale sprawdzi się w dowolnym towarzystwie.",Imprezowe
Alias Dice (gra kościana),"Rzuć kośćmi i odszukaj słowo, aby je następnie objaśnić innym graczom. Gra ""Alias Dice"" wnosi do zabawy element szczęścia i szybkości. Wyścig po zwycięstwo s",Imprezowe
RAKIETA IMPREZOWA,"Gra, w której liczą się kosmicznie dobre skojarzenia!",Imprezowe
DWALAMBURY,Wariacja na temat popularnej gry towarzyskiej Kalambury.,Imprezowe
Time's Up! - Family (druga edycja),"Time's Up Family jest grą rodzinną, która zapewni dobrą zabawę wszystkim, zarówno dużym jaki i małym. ",Imprezowe
Alias Junior - wersja podróżna,Imprezowa gra o wielu twarzach,Imprezowe
POW!,"W grze ""POW!"" wcielacie się w autorów komiksów, a waszym zadaniem jest stworzenie najlepszego komiksu wszech czasów! ",Imprezowe
Alias Orginal - wersja podróżna,Imprezowa gra o wielu twarzach,Imprezowe
"Do boju, Towarzysze!",Jedyne zadanie - przeżyć!,Imprezowe
Gra pozorów,Szalona gra imprezowa!,Imprezowe
Koncept Kids - Zwierzaki,Kto zgadnie co to za zwierzę?,Imprezowe
Escape Room: Magiczna Sztuczka,Emocje z prawdziwego escape roomu ukryte wewnątrz talii kart!,Imprezowe
Prohis,W latach 20-30 XX wieku w Stanach Zjednoczonych szaleje prohibicja. ,Imprezowe
Gra Pomyłek,Kieszonkowa gra quizowa!,Imprezowe
Black Mirror: Nosedive (edycja polska),Oceń i poddaj się ocenie!,Imprezowe
Sabotażysta. Zaginione kopalnie.,"Nowa przygoda w bestsellerowym świecie ""Sabotażysty""!",Imprezowe
Takie Życie 2 - Detektywi,"Wieje nudą? Jedziecie samochodem? Pociągiem? Czekacie na samolot? Czekacie aż piąty gracz wyjdzie z łazienki lub wróci ze sklepu, byście mogli w końcu zacząć",Imprezowe
Tajniacy: Obrazki,"Cóż to za dziwaczne symbole na mapie? To zakodowane oznaczenia miejsc, w których Tajniacy muszą nawiązać kontakt z agentami ze swojej organizacji!",Imprezowe
Dżem dobry,Czy odgadniesz sekretne słowo?,Imprezowe
Fioletowe Historie,To 50 mistycznych zagadek dla nieustraszonych... nocnych marków! ,Imprezowe
Wojowoce,Prosta gra karciana o owocowych wojownikach,Imprezowe
Tokio Express,Zwariowana gra w komunikację bez słów!,Imprezowe
Decrypto,Złam szyfr!,Imprezowe
Pyrkon: Atak Koziołaków!,"Legendarne Koziołaki powróciły, by nocami polować na uczestników. ",Imprezowe
Family Alias (wersja podróżna),"""Family Alias"" to rodzinna odsłona niezwykle popularnej w wielu europejskich krajach gry. ",Imprezowe
Party Time: Ice Breaker,"Zakręć strzałką, odkryj kartę i zaczynajcie imprezę! Ktoś z was wybiera lepszą spośród dwóch dostępnych opcji, odpowiada na pytania o innych graczy, wykonuje",Imprezowe
Party Time: Mix It,"Na planszy stoi dziewieć głów, ale ten układ nie będzie trwał wiecznie. W każdej rundzie dwie głowy zamieniają się miejscami, a ty masz odgadnąć, które z nic",Imprezowe
"Kieszonkowce quizowe. Wiesz, że nic nie wiesz",Pakiet 3 quizów karcianych dla młodzieży i dorosłych!,Imprezowe
Top 12 (w metalowej puszce),"W grze ""Top 12"" nikt nie musi długo czekać na swoją kolej, ponieważ wszyscy grają równocześnie. Każdy gracz próbuje jako pierwszy zapełnić jedną kolumnę na swojej kartce, liczbami w kolejności rosnącej. Przy czym musi się starać tak wpisywać liczby, żeby starczyło miejsca na następne liczby.",Imprezowe
Mała gra - Jedzenie,Skąd pochodzą bułeczki scones? Z czego robi się mus czekoladowy? Ta mała gra oferuje mnóstwo informacji i dobrej rozrywki. Może być idealnym dodatkie,Imprezowe
Czarne historie 6,Kontynuacja bestsellerowej gry imprezowej od której włosy stają dęba.,Imprezowe
5 sekund - Junior! Edycja Specjalna 2.0,Specjalne wydanie z myślą o najmłodszych!,Imprezowe
"Dobble: 1,2,3","""Dobble 123"" to wspaniała gra dla dzieci, dostosowana do tego, by najmłodsi grali samodzielnie.",Imprezowe
Karty na Stół,"Wyciągnijcie Karty na stół, aby podroczyć się ze znajomymi w przyjaznej atmosferze!",Imprezowe
Jungle Speed: Kids,Król szalonych imprez w wersji dla dzieci!,Imprezowe
Kto z Kim ?,Kto mógłby dowodzić armią… ? Kto oswoiłby lwa…? A kto… uratowałby świat? ,Imprezowe
"Polska, gola! (Polska - Niemcy)",Podejmij wyzwanie i pomóż Polsce zdobyć Puchar Świata FIFA!,Imprezowe
Halli Galli Junior,"Gdy Ci smutno, gdy Ci źle, przyjdź do cyrku, zabaw się!",Imprezowe
EXIT: Gra Tajemnic - Zatopiony Skarb," Czy uda się wam rozwikłać zagadki, które skrywa zatopiony wrak?",Imprezowe
Tempo!,"Popisz się wiedzą, refleksem i wyczuciem czasu!",Imprezowe
Podaj Dalej! Bez cenzury,Rysunkowy głuchy telefon w wersji dla dorosłych!,Imprezowe
Dylemat wagonika,Rozważania filozoficzne i krwawa jatka w jednym!,Imprezowe
"Dawno, dawno temu... (3 edycja)","Dawno, dawno temu, w odległej krainie żył sobie sędziwy król. Władca martwił się losami królestwa, które było nękane przez straszliwą bestię i ogłosił...",Imprezowe
Memy 2: Imprezowa gra karciana dla okropnych ludzi,Gra autorów Kart Dżentelmenów,Imprezowe
Sushi Go Party! (edycja polska),Impreza z sushi teraz aż na osiem osób!,Imprezowe
Cortex dla Dzieci 2,Zobacz i poczuj co to za karta!,Imprezowe
Cortex 2,"Mądra gra, dzięki której gimnastykujesz umysł!",Imprezowe
Jednym słowem,Gra niebanalnych skojarzeń!,Imprezowe
"Jungle Speed ""Bertone"" (edycja limitowana)",Szalona gra towarzyska z ilustracjami Eduardo Bertone!,Imprezowe
Miszmasz! - Gramy,Szukaj par wśród symboli z gier planszowych!,Imprezowe
Ego: Emocje,"Nowa odsłona EGO, w której gracze określają swoje podejście do różnych, często kontrowersyjnych tematów za pomocą żetonów obrazujących emocje pozytywną, neutralną i negatywną.",Imprezowe
Uga Buga!,Pozbądź się resztek godności i szacunku znajomych w 5 minut!,Imprezowe
Latające Burrito,Pierwsza na świecie karciana gra w zbijaka!,Imprezowe
Jungle Speed,Szalona gra towarzyska w zwariowanej odsłonie,Imprezowe
Imago,Kalambury bez rysowania i pokazywania!,Imprezowe
Na Końcu Języka 2,Kontynuacja jednej z najlepszych na świecie gier imprezowych!,Imprezowe
Sushi Go! (edycja polska),A po sushi czas na deser!,Imprezowe
EXIT: Gra Tajemnic - Śmierć w Orient Expressie,Czy przy pomocy jego notatek uda się Wam rozwikłać zagadkę zabójstwa w Orient Expresie zanim pociąg dotrze do Konstantynopola?,Imprezowe
Zona: Sekret Czarnobyla,Przeżyj w najniebezpieczniejszej strefie świata,Przygodowe
Sword & Sorcery: Nieśmiertelne dusze + Tristan,"Sword & Sorcery to kooperacyjna gra planszowa dla 1 do 5 graczy, osadzona w magicznym świecie fantasy.",Przygodowe
Sword & Sorcery: Nieśmiertelne dusze,"Sword & Sorcery to kooperacyjna gra planszowa dla 1 do 5 graczy, osadzona w magicznym świecie fantasy.",Przygodowe
Talisman: Legendarne opowieści + karty promo,Odkrywaj świat Talizman w tej doskonałej grze przygodowej!,Przygodowe
Lunation,Niechaj wygra najlepszy,Przygodowe
Zombicide: Najeźdźca,Plaga zombie nie zna granic! ,Przygodowe
Nagaraja,Wyścig najwybitniejszych archeologów!,Przygodowe
Western Legends,Witaj na dzikim zachodzie,Przygodowe
Stworologia: Ekspedycja,"Stworologia jest niezwykłą grą, w której gracze znajdą wiele okazji do pasjonującej rywalizacji.",Przygodowe
Narcos (edycja polska),"""Słyszałem, że oddali 20 strzałów. Nafaszerowali go ołowiem. Spalili jego ciało, a popioły rozrzucili po Medellin. Mówią, że powstał z popiołów, poszedł do domów tych, którzy do niego strzelali i zabił ich we śnie"".",Przygodowe
Ostatni Bastion,Powstrzymajcie hordy potworów przed zdobyciem Ostatniego Bastionu!,Przygodowe
Zombicide: Czarna plaga,"Miecze w dłoń, naciągnąć kuszę i przygotować zaklęcia - nadciąga czarna plaga!",Przygodowe
Talisman: Magia i Miecz,Odkrywaj świat Talizman w tej doskonałej grze przygodowej!,Przygodowe
Posiadłość Szaleństwa - druga edycja,"Posiadłość Szaleństwa to przepełniona grozą i tajemnicami, w pełni kooperacyjna gra planszowa dla jednego do pięciu graczy.",Przygodowe
Kingdom Rush: Rift In Time (Kickstarter Dragon Chest Pledge),"Mag Czasu nie zatrzyma się przed niczym, aby zawładnąć królestwem, i ty też nie powinieneś - łucznicy w gotowości!",Przygodowe
Gorączka Podziemnej Mocy,Wojownicy Podziemi grają w Dobble na dwie ręce!,Przygodowe
Zaginione Wyspy,"Kapitan z hukiem wbiegł do swojej kajuty, gwałtownie otworzył szafę i za",Przygodowe
T.I.M.E Stories (Time Stories) Wydanie Polskie,Zostań strażnikiem czasu! (TIME Stories),Przygodowe
Kingdom Rush: Rift In Time (Kickstarter Knight Pledge),"Mag Czasu nie zatrzyma się przed niczym, aby zawładnąć królestwem, i ty też nie powinieneś - łucznicy w gotowości!",Przygodowe
Kingdom Rush: Rift In Time (Kickstarter King Pledge),"Mag Czasu nie zatrzyma się przed niczym, aby zawładnąć królestwem, i ty też nie powinieneś - łucznicy w gotowości!",Przygodowe
Eldritch Horror: Przedwieczna Groza,"Świat stoi na krawędzi katastrofy. Jest rok 1926, a pradawne istoty o niewyobrażalnej potędze budzą się powoli z długiego snu, przynosząc ludziom śmierć...",Przygodowe
Relic Runners,"W Relic Runners wcielasz się rolę nieustraszonego odkrywcy, przemierzającego dżunglę w poszukiwaniu zagubionych świątyń pełnych zapomnianych skarbów i relikw",Przygodowe
Legendy Krainy Andor,"Kraina Andor jest w niebezpieczeństwie. Zza lasów i gór naciągają wrogowie, by zaatakować zamek starego króla Brandura. Tylko wasza mała grupa może staną",Przygodowe
Relic: Tajemnica Sektora Antian,"Imperium Ludzkości rozciąga się na całą znaną galaktykę obejmując miliony światów. Mimo to, stoi na krawędzi zagłady.",Przygodowe
Wyścig Odkrywców (edycja wspieram.to),Dołącz do rywalizacji odkrywców i ruszaj ku przygodzie w poszukiwaniu nieznanego!,Przygodowe
Battlestar Galactica (edycja polska),"Gra kooperacyjna, gdzie możesz nawet nie wiedzieć, że jesteś zdrajcą!",Przygodowe
Runebound - trzecia edycja,"W grze Runebound wcielisz się w rolę wędrownego śmiałka, gotowego walczyć o swoje przeznaczenie. Podczas każdej rozgrywki będziesz przeszukiwać starożytne ruiny, toczyć zaciekłe bitwy i uczyć się nowych, potężnych umiejętności. Niebezpieczne siły zagrażają Terrinoth – tylko najwspanialszym bohaterom uda się je pokonać i przywrócić pokój.",Przygodowe
Dracula - trzecia edycja,"Rok 1898. Osiem lat temu złowrogi Hrabia Dracula odbył podróż do Londynu, gdzie planował szerzyć swe wampiryczne przekleństwo. Jego zamiary pokrzyżowała niewielka grupa bogobojnych ludzi, którym udało się przerwać jego knowania i zgładzić winowajcę u stóp jego zamku. Tak im się przynajmniej wydawało…",Przygodowe
Misja: Czerwona Planeta,"W grze Misja: Czerwona planeta 2-6 graczy wciela się w role kierownictwa korporacji wydobywczych, które w wiktoriańskim wieku pary ruszają na podbój Marsa. Gracze wysyłają swoich astronautów, aby zbadać różne strefy Marsa i wydobyć z nich wartościowe surowce.",Przygodowe
Warhammer Quest - Przygodowa gra karciana,"Warhammer Quest: Przygodowa gra karciana to gra kooperacyjna, w której od jednego do czterech graczy wyruszy na bohaterską wyprawę do lochów. Gracze wcielą się w klasycznych bohaterów Starego Świata, a następnie zejdą w głąb mrocznych tuneli, aby walczyć z goblinami, trollami, orkami, ghoulami, szczuroludźmi i innymi stworami.",Przygodowe
Munchkin Edycja Jubileuszowa,Specjalna edycja popularnej gry przygodowej!,Przygodowe
DUNGEON SAGA: GROBOWIEC KRÓLA KRASNOLUDÓW,"Dungeon Saga to klasyczna gra przygodowa, w której gracze wspólnie przemierzają wiecznie zmieniające się korytarze, aby spełnić wymagania misji. ",Przygodowe
Monster Slaughter: Horror w Głębi Lasu,Przygotuj się...NA KRWAWĄ JATKĘ!,Przygodowe
Zombicide: Zielona Horda,Plaga zombie nie zna granic! ,Przygodowe
Mroczny Zamek,Wydostań się z najmroczniejszych lochów,Przygodowe
GÓRĄ I DOŁEM,"Górą i Dołem to ekscytująca gra, która łączy w sobie budowanie osady i przeżywianie niezwykłych przygód.",Przygodowe
Zaklinacze,Stwórz przedziwne magiczne artefakty i obroń wioskę przed falą potworów!Uwaga! Tabuny potworów ze smokami na czele atakują!!!,Przygodowe
Horror w Arkham 3. Edycja,W trzeciej edycji Horroru w Arkham gracze znów wcielą się w role badaczy prowadzących śledztwo w dręczonym niepokojami mieście Arkham w stanie Massachusetts,Przygodowe
Stworze (druga edycja),Zanurz się w słowiańskiej mitologii,Przygodowe
Shadows over Camelot,"Gra przygodowa, w której gracze - jako Rycerze Okrągłego Stołu - współpracują ze sobą w celu obrony zamku Camelot.",Przygodowe
Munchkin Panic (edycja polska),Czy przetrwacie szturm potworów?,Przygodowe
Znak Starszych Bogów,Do muzeum zawitało zło z pustki pomiędzy światami!,Przygodowe
Władca Pierścieni: Bitwa o Śródziemie II edycja,"Stań u boku Aragorna, Gandalfa, Legolasa i zmierz się z armią Mordoru. Stwórz drużynę, która zdoła pokonać wrogów. Bądź jednak czujny bo Oko Saurona bacznie",Przygodowe
Małe kreciki,"Podczas gry gracze wcielają się w rolę krecików i poruszają się po polach, imitując kopanie podziemnych tuneli. Celem gry jest jak najszybsze wydostanie się na powierzchnię.",Przygodowe
The Curse of The Blac Dice,"The Curse of The Blac Dice to gra, w której gracze stanowią załogę pirackiego okrętu i muszą ze sobą współpracować aby ich piracka łajba dopłynęła do końca r",Przygodowe
Spooky Stairs (Straszne schody),"U szczytu starodawnych ruin mieszka stary duch. Do jego domostwa prowadzą kręte schody. Kilkoro odważnych dzieci, w ciszy wspina się po kamiennych schodach.",Przygodowe
Celestia,W czasie swoich podróży Guliwer na próżno szukał podniebnej krainy Celestia. ,Przygodowe
Discover: Nieznane Lądy,"Budzisz się z potwornym bólem głowy i nie masz bladego pojęcia, jak się tu znalazłeś.",Przygodowe
Drakon,"Nie prześcigniesz smoka. Musisz prześcignąć przyjaciół! Smoczyca Drakon schwytała grupę odważnych poszukiwaczy przygód, którzy usiłowali niepostrzeże",Przygodowe
Yeti - Wielka Stopa,Jak zostać odkrywcą postaci znanej tylko z opowieści? Jak dotrzeć na wyspę? Jak odnaleźć Wielką Stopę? Jak uprzedzić rywali i zrobić pierwsze zdjęcie? Jak utrudnić rywalom dotarcie do celu?,Przygodowe
Little Magician's Apprentices (Mali uczniowie czarnoksiężnika),"Bum! Psss! Chmura kolorowego dymu unosi się z magicznego kociołka. W starej magicznej kuchni, gdzie mali uczniowie czarnoksiężnika uczą się sztuki warzenia m",Przygodowe
Amber Route,"Amber Route to wyprawa do krainy słowiańskich wierzeń, potworów i magii. ",Przygodowe
Witches' Skyscraper (Dom czarownic),"W oddali, na skalistym wzgórzu znajduje się dom czarownic. Wszyscy są podekscytowani. Mała czarownica wskazuje na coś w powietrzu ręką. ""Widzicie czarodziejs",Przygodowe
Pirate's Cove (Piracka Zatoka),"Barwna gra strategiczna w ""pirackich"" klimatach",Przygodowe
Lords of Hellas (edycja polska) wersja sklepowa,"Wejdź w mroczne czasy Grecji, rządzone przez potężnych Bogów dzierżących zaawansowane technologie. Kontroluj asymetrycznych bohaterów i wybierz swoją drogę do zwycięstwa: poprzez kontrolę obszarów albo polując na potwory lub wykonując zadania.",Przygodowe
Realm of Wonder,Osłabione podziałami królestwo potrzebuje nowego bohatera. Wypełnij królewską misję i ocal królestwo albo obal króla i sam przejmij koronę. Podczas tej przyg,Przygodowe
Mystery of the Abbey (Tajemnica Opactwa),"Nowa edycja zawiera dodatek ""The Pilgrims' Chronicles"" W średniowiecznym francuskim klasztorze zamordowano brata zakonnego. Gracze poruszają się po z",Przygodowe
Martwa Zima: Długa Noc,"W Długiej Nocy gracze muszą zmierzyć się nie tylko ze znanymi już z Martwej Zimy zagrożeniami, ale napotykają kolejne przeciwności.",Przygodowe
BLOODBORNE: GRA KARCIANA,"Bloodborne to gra o zarządzaniu ryzykiem z domieszką wspólnego planowania, zarządzania ekwipunkiem i ulepszeniami, a także z elementami gry taktycznej.",Przygodowe
Rune Age (edycja polska),"Rune Age to gra dla 2 do 4 osób, o potędze i podboju, polegająca na budowaniu talii.",Przygodowe
Labyrinth: Ścieżki Przeznaczenia (2 edycja),"Labyrinth: Ścieżki Przeznaczenia to rewelacyjna kontynuacja gry nagrodzonej „Wyróżnieniem Graczy” w 2012 roku. Każda rozgrywka jest unikalnym starciem, w któ",Przygodowe
Ghost Stories (druga edycja),Stańcie razem naprzeciw duchom!,Przygodowe
Łowcy Smoków,"Łowcy smoków to gra o przebiegłości i dyplomacji w świecie, gdzie za każdym rogiem spotykamy smoki.",Przygodowe
Lords of Xidit (edycja polska),"""Eony temu, zanim świat stał się znanym nam światem, a ludzie zaczęli w ogóle marzyć; zanim z odmętów magii wykluło się pierwsze zaklęcie - nie istniało",Przygodowe
Kroniki Zbrodni,"Kroniki zbrodni to innowacyjne połączenie gry planszowej, aplikacji i wirtualnej rzeczywistości. ",Przygodowe
